InvoiceNo,StockCode,Quantity,InvoiceDate,CustomerID,Country
358640,85123A,6,03/01/2015 00:00,17850,United Kingdom
386946,71053,6,07/03/2010 00:00,17850,United Kingdom
378650,84406B,8,05/05/2014 00:00,17850,United Kingdom
70847,84029G,6,18/05/2021 00:00,17850,United Kingdom
127544,84029E,6,22/10/2013 00:00,17850,United Kingdom
206408,22752,2,10/04/2017 00:00,17850,United Kingdom
429117,21730,6,11/04/2016 00:00,17850,United Kingdom
409366,22633,6,22/04/2022 00:00,17850,United Kingdom
181714,22632,6,15/06/2014 00:00,17850,United Kingdom
405780,84879,32,06/05/2022 00:00,13047,United Kingdom
418234,22745,6,17/10/2019 00:00,13047,United Kingdom
381824,22748,6,05/05/2017 00:00,13047,United Kingdom
322100,22749,8,03/01/2017 00:00,13047,United Kingdom
234784,22310,6,01/11/2017 00:00,13047,United Kingdom
9162,84969,6,20/11/2012 00:00,13047,United Kingdom
355859,22623,3,05/05/2014 00:00,13047,United Kingdom
394121,22622,2,25/01/2017 00:00,13047,United Kingdom
9810,21754,3,20/03/2012 00:00,13047,United Kingdom
473917,21755,3,12/01/2013 00:00,13047,United Kingdom
92186,21777,4,10/09/2014 00:00,13047,United Kingdom
242144,48187,4,09/11/2018 00:00,13047,United Kingdom
131404,22960,6,21/02/2011 00:00,13047,United Kingdom
196967,22913,3,17/06/2021 00:00,13047,United Kingdom
212771,22912,3,10/09/2013 00:00,13047,United Kingdom
8082,22914,3,15/05/2016 00:00,13047,United Kingdom
31823,21756,3,19/04/2016 00:00,13047,United Kingdom
454135,22728,24,19/08/2018 00:00,12583,France
303983,22727,24,22/07/2022 00:00,12583,France
305983,22726,12,21/09/2014 00:00,12583,France
378851,21724,12,28/05/2012 00:00,12583,France
336254,21883,24,12/01/2013 00:00,12583,France
279259,10002,48,14/05/2014 00:00,12583,France
302729,21791,24,16/01/2021 00:00,12583,France
108116,21035,18,11/07/2016 00:00,12583,France
271510,22326,24,10/12/2014 00:00,12583,France
374553,22629,24,07/06/2014 00:00,12583,France
358581,22659,24,08/07/2019 00:00,12583,France
382934,22631,24,26/03/2012 00:00,12583,France
319640,22661,20,23/09/2022 00:00,12583,France
334321,21731,24,15/03/2021 00:00,12583,France
90358,22900,24,31/01/2021 00:00,12583,France
211442,21913,12,17/11/2021 00:00,12583,France
344931,22540,24,13/06/2013 00:00,12583,France
312122,22544,24,24/05/2019 00:00,12583,France
303238,22492,36,23/11/2016 00:00,12583,France
104737,POST,3,11/07/2017 00:00,12583,France
227878,22086,80,02/03/2019 00:00,13748,United Kingdom
240361,22632,6,13/04/2021 00:00,17850,United Kingdom
214615,22633,6,03/02/2013 00:00,17850,United Kingdom
105008,85123A,6,31/08/2018 00:00,17850,United Kingdom
163759,71053,6,20/07/2010 00:00,17850,United Kingdom
322893,84406B,8,19/07/2020 00:00,17850,United Kingdom
327592,20679,6,21/03/2010 00:00,17850,United Kingdom
328438,37370,6,20/10/2021 00:00,17850,United Kingdom
29539,21871,6,03/08/2022 00:00,17850,United Kingdom
455846,21071,6,20/03/2013 00:00,17850,United Kingdom
251833,21068,6,11/09/2022 00:00,17850,United Kingdom
366781,82483,2,26/10/2016 00:00,17850,United Kingdom
463278,82486,4,29/04/2017 00:00,17850,United Kingdom
35646,82482,6,01/01/2015 00:00,17850,United Kingdom
398983,82494L,6,30/05/2011 00:00,17850,United Kingdom
498296,84029G,6,30/05/2019 00:00,17850,United Kingdom
71330,84029E,6,26/02/2022 00:00,17850,United Kingdom
100213,22752,2,03/12/2018 00:00,17850,United Kingdom
120376,21730,6,15/07/2011 00:00,17850,United Kingdom
396886,21258,32,23/06/2019 00:00,15100,United Kingdom
150073,85123A,6,22/05/2017 00:00,17850,United Kingdom
242827,71053,6,22/07/2013 00:00,17850,United Kingdom
362120,84406B,8,12/09/2020 00:00,17850,United Kingdom
110553,20679,6,06/04/2022 00:00,17850,United Kingdom
20239,37370,6,23/10/2013 00:00,17850,United Kingdom
5214,21871,6,29/03/2011 00:00,17850,United Kingdom
175185,21071,6,26/06/2017 00:00,17850,United Kingdom
359766,21068,6,26/03/2020 00:00,17850,United Kingdom
125463,82483,2,26/02/2022 00:00,17850,United Kingdom
40146,82486,4,10/02/2016 00:00,17850,United Kingdom
62362,82482,6,18/08/2017 00:00,17850,United Kingdom
171511,82494L,6,12/11/2021 00:00,17850,United Kingdom
107611,84029G,6,04/04/2013 00:00,17850,United Kingdom
245414,84029E,6,02/09/2011 00:00,17850,United Kingdom
184702,22752,2,23/10/2022 00:00,17850,United Kingdom
288479,21730,6,29/10/2020 00:00,17850,United Kingdom
388989,22114,48,14/08/2014 00:00,15291,United Kingdom
143766,21733,64,11/05/2022 00:00,15291,United Kingdom
319014,22632,6,08/03/2014 00:00,17850,United Kingdom
334000,22633,6,29/01/2011 00:00,17850,United Kingdom
373830,22386,10,28/04/2022 00:00,14688,United Kingdom
67912,85099C,10,12/10/2014 00:00,14688,United Kingdom
471729,21033,10,22/12/2016 00:00,14688,United Kingdom
151443,20723,10,18/05/2017 00:00,14688,United Kingdom
480869,84997B,12,31/07/2015 00:00,14688,United Kingdom
283571,84997C,6,14/04/2021 00:00,14688,United Kingdom
163228,21094,12,27/10/2010 00:00,14688,United Kingdom
257493,20725,10,07/06/2013 00:00,14688,United Kingdom
17052,21559,6,31/08/2021 00:00,14688,United Kingdom
347999,22352,6,01/07/2012 00:00,14688,United Kingdom
117202,21212,120,14/01/2011 00:00,14688,United Kingdom
465681,21975,24,27/10/2020 00:00,14688,United Kingdom
50308,21977,24,19/08/2019 00:00,14688,United Kingdom
38540,84991,24,05/06/2018 00:00,14688,United Kingdom
21907,84519A,6,25/07/2018 00:00,14688,United Kingdom
380977,85183B,48,15/11/2021 00:00,14688,United Kingdom
215414,85071B,96,24/06/2016 00:00,14688,United Kingdom
451604,21931,10,31/01/2011 00:00,14688,United Kingdom
35460,21929,10,08/02/2017 00:00,14688,United Kingdom
198027,22961,24,12/09/2019 00:00,17809,United Kingdom
90898,22139,23,14/10/2013 00:00,15311,United Kingdom
297671,84854,5,15/05/2015 00:00,15311,United Kingdom
250638,22411,10,20/11/2016 00:00,15311,United Kingdom
74747,82567,2,18/01/2020 00:00,15311,United Kingdom
125386,21672,6,10/10/2018 00:00,15311,United Kingdom
72519,22774,24,08/01/2011 00:00,15311,United Kingdom
310913,22771,24,21/10/2013 00:00,15311,United Kingdom
87688,71270,1,15/06/2018 00:00,15311,United Kingdom
10996,22262,1,04/04/2014 00:00,15311,United Kingdom
338244,22637,1,17/08/2015 00:00,15311,United Kingdom
211354,21934,10,20/04/2012 00:00,15311,United Kingdom
262052,21169,3,13/07/2013 00:00,15311,United Kingdom
381352,21166,1,11/05/2010 00:00,15311,United Kingdom
411056,21175,2,01/08/2020 00:00,15311,United Kingdom
440635,37444A,1,18/11/2021 00:00,15311,United Kingdom
132737,37444C,1,23/03/2019 00:00,15311,United Kingdom
30941,22086,4,16/03/2017 00:00,15311,United Kingdom
168932,22083,1,18/02/2014 00:00,15311,United Kingdom
156004,84971S,6,12/07/2018 00:00,15311,United Kingdom
295342,71270,3,01/01/2010 00:00,15311,United Kingdom
276248,47580,2,15/01/2013 00:00,15311,United Kingdom
183788,22261,1,22/11/2022 00:00,15311,United Kingdom
418968,84832,1,17/10/2019 00:00,15311,United Kingdom
162486,22644,1,18/10/2015 00:00,15311,United Kingdom
276959,21533,1,17/06/2020 00:00,15311,United Kingdom
433180,21557,2,02/07/2015 00:00,15311,United Kingdom
285586,15056BL,2,23/09/2013 00:00,15311,United Kingdom
346683,15056N,2,07/08/2011 00:00,15311,United Kingdom
71392,22646,4,22/04/2010 00:00,15311,United Kingdom
70576,22176,1,13/05/2014 00:00,15311,United Kingdom
165795,22438,1,20/06/2012 00:00,15311,United Kingdom
486827,21731,2,05/04/2022 00:00,15311,United Kingdom
183332,22778,3,22/02/2014 00:00,15311,United Kingdom
450135,22719,36,04/11/2017 00:00,15311,United Kingdom
416896,21523,10,08/03/2017 00:00,15311,United Kingdom
112971,D,-1,13/05/2015 00:00,14527,United Kingdom
113456,10002,12,21/02/2016 00:00,16098,United Kingdom
232625,21912,8,12/01/2022 00:00,16098,United Kingdom
362265,21832,12,06/03/2016 00:00,16098,United Kingdom
433243,22411,10,11/03/2018 00:00,16098,United Kingdom
418455,22379,10,28/06/2018 00:00,16098,United Kingdom
490750,22381,50,26/04/2019 00:00,16098,United Kingdom
438323,22798,8,22/02/2022 00:00,16098,United Kingdom
12849,22726,4,29/05/2019 00:00,16098,United Kingdom
201180,22926,12,11/03/2021 00:00,16098,United Kingdom
483606,22839,2,28/10/2020 00:00,16098,United Kingdom
453896,22838,2,11/02/2018 00:00,16098,United Kingdom
113900,22783,4,05/09/2019 00:00,16098,United Kingdom
126908,35004C,-1,18/06/2013 00:00,15311,United Kingdom
413485,82484,3,02/03/2022 00:00,18074,United Kingdom
446532,84755,48,07/02/2013 00:00,18074,United Kingdom
154704,22464,12,30/10/2012 00:00,18074,United Kingdom
125808,21324,6,02/09/2019 00:00,18074,United Kingdom
366002,22457,12,28/03/2020 00:00,18074,United Kingdom
57382,22469,40,25/04/2022 00:00,18074,United Kingdom
251521,22470,40,22/08/2016 00:00,18074,United Kingdom
381041,22224,6,11/11/2016 00:00,18074,United Kingdom
330606,21340,2,23/04/2020 00:00,18074,United Kingdom
497424,22189,4,28/01/2020 00:00,18074,United Kingdom
242825,22427,3,18/04/2021 00:00,18074,United Kingdom
341061,22428,6,10/02/2010 00:00,18074,United Kingdom
183911,22424,8,06/06/2016 00:00,18074,United Kingdom
12770,22783,1,22/12/2013 00:00,17420,United Kingdom
176360,22961,12,06/04/2022 00:00,17420,United Kingdom
328078,22960,6,11/03/2016 00:00,17420,United Kingdom
293591,22663,10,22/08/2011 00:00,17420,United Kingdom
392349,85049A,12,04/10/2018 00:00,17420,United Kingdom
470593,22168,2,13/11/2016 00:00,17420,United Kingdom
414273,22662,10,10/12/2022 00:00,17420,United Kingdom
213309,84880,36,09/06/2011 00:00,16029,United Kingdom
293957,85099C,100,28/11/2019 00:00,16029,United Kingdom
246865,85099B,100,28/12/2010 00:00,16029,United Kingdom
379597,79321,192,30/01/2011 00:00,16029,United Kingdom
417828,22780,192,25/06/2018 00:00,16029,United Kingdom
424927,22779,192,03/07/2021 00:00,16029,United Kingdom
192340,22466,432,25/02/2019 00:00,16029,United Kingdom
5442,21731,432,20/03/2018 00:00,16029,United Kingdom
247353,21754,3,04/10/2018 00:00,16250,United Kingdom
168924,21755,3,20/05/2016 00:00,16250,United Kingdom
186808,21523,2,27/08/2011 00:00,16250,United Kingdom
241859,21363,3,26/01/2019 00:00,16250,United Kingdom
387512,21411,3,11/04/2010 00:00,16250,United Kingdom
376500,22318,6,04/06/2013 00:00,16250,United Kingdom
6029,22464,12,01/03/2017 00:00,16250,United Kingdom
438071,22915,12,18/09/2013 00:00,16250,United Kingdom
261634,22922,12,04/01/2017 00:00,16250,United Kingdom
210032,22969,12,30/07/2014 00:00,16250,United Kingdom
130305,22923,12,07/06/2022 00:00,16250,United Kingdom
432116,21115,4,27/06/2019 00:00,16250,United Kingdom
234670,22469,12,08/06/2017 00:00,16250,United Kingdom
221168,22242,12,06/03/2020 00:00,16250,United Kingdom
139124,22941,6,29/05/2010 00:00,12431,Australia
420950,21622,8,14/03/2015 00:00,12431,Australia
15941,21791,12,04/08/2018 00:00,12431,Australia
146912,35004C,6,04/03/2012 00:00,12431,Australia
374943,35004G,4,06/01/2016 00:00,12431,Australia
154241,85014B,6,07/12/2019 00:00,12431,Australia
9224,85014A,3,11/11/2016 00:00,12431,Australia
116706,22193,2,13/11/2017 00:00,12431,Australia
16114,22726,4,21/10/2015 00:00,12431,Australia
426856,22727,4,25/08/2022 00:00,12431,Australia
162197,22192,2,20/11/2011 00:00,12431,Australia
368078,22191,2,10/09/2010 00:00,12431,Australia
252242,22195,24,09/11/2015 00:00,12431,Australia
335945,22196,24,09/12/2015 00:00,12431,Australia
491227,22941,2,02/10/2018 00:00,17511,United Kingdom
324578,22960,12,14/02/2013 00:00,17511,United Kingdom
476539,22961,12,15/06/2017 00:00,17511,United Kingdom
399521,22962,48,21/02/2016 00:00,17511,United Kingdom
161373,22963,48,30/07/2018 00:00,17511,United Kingdom
91790,22968,8,17/06/2020 00:00,17511,United Kingdom
153689,84970S,144,19/06/2021 00:00,17511,United Kingdom
8150,22910,40,24/09/2016 00:00,17511,United Kingdom
244570,20668,288,08/11/2022 00:00,17511,United Kingdom
206983,85123A,64,12/11/2010 00:00,17511,United Kingdom
96032,22197,100,08/07/2013 00:00,17511,United Kingdom
167410,22198,50,23/10/2017 00:00,17511,United Kingdom
122315,21533,12,03/01/2014 00:00,17511,United Kingdom
441132,21080,96,02/09/2013 00:00,17511,United Kingdom
55796,21094,96,01/05/2010 00:00,17511,United Kingdom
147513,21086,48,28/12/2010 00:00,17511,United Kingdom
390197,21786,144,20/03/2016 00:00,17511,United Kingdom
202712,22654,40,27/01/2015 00:00,17511,United Kingdom
237902,21485,24,14/12/2020 00:00,17511,United Kingdom
495486,84029G,24,12/11/2022 00:00,17511,United Kingdom
169784,84030E,24,21/11/2012 00:00,17511,United Kingdom
305001,22174,48,18/10/2017 00:00,17511,United Kingdom
426094,22969,96,05/03/2014 00:00,17511,United Kingdom
157487,85099B,100,10/06/2016 00:00,17511,United Kingdom
143622,22556,-12,19/08/2013 00:00,17548,United Kingdom
378182,21984,-24,01/01/2014 00:00,17548,United Kingdom
164634,21983,-24,28/08/2018 00:00,17548,United Kingdom
57609,21980,-24,30/10/2017 00:00,17548,United Kingdom
466641,21484,-12,25/07/2022 00:00,17548,United Kingdom
113495,22557,-12,30/06/2013 00:00,17548,United Kingdom
144544,22553,-24,03/01/2012 00:00,17548,United Kingdom
190554,22150,6,28/05/2011 00:00,13705,United Kingdom
300142,22619,4,29/09/2011 00:00,13705,United Kingdom
438661,21891,12,27/10/2015 00:00,13705,United Kingdom
415467,21889,12,22/07/2019 00:00,13705,United Kingdom
123881,22827,1,03/09/2019 00:00,13705,United Kingdom
71670,22127,12,30/11/2011 00:00,13705,United Kingdom
183418,22128,12,24/11/2021 00:00,13705,United Kingdom
35129,22502,4,15/02/2010 00:00,13705,United Kingdom
397511,84879,16,20/05/2016 00:00,13705,United Kingdom
17597,22338,24,09/03/2017 00:00,13705,United Kingdom
117773,22180,8,02/07/2016 00:00,13747,United Kingdom
77204,21506,24,08/11/2012 00:00,13408,United Kingdom
99031,22633,96,14/02/2014 00:00,13408,United Kingdom
363663,22866,96,01/11/2020 00:00,13408,United Kingdom
488862,22865,96,15/08/2017 00:00,13408,United Kingdom
76094,22632,96,29/07/2020 00:00,13408,United Kingdom
354980,21485,12,19/01/2016 00:00,13408,United Kingdom
222357,22349,12,20/08/2022 00:00,13408,United Kingdom
120787,22558,48,07/03/2014 00:00,13408,United Kingdom
33664,85152,12,18/06/2010 00:00,13408,United Kingdom
305051,85123A,32,26/11/2018 00:00,13408,United Kingdom
40486,22652,20,07/05/2014 00:00,13408,United Kingdom
170153,22188,8,11/09/2020 00:00,13767,United Kingdom
379796,84879,32,19/02/2010 00:00,13767,United Kingdom
77476,21977,24,08/04/2019 00:00,13767,United Kingdom
151064,84991,24,29/10/2011 00:00,13767,United Kingdom
304723,21212,24,26/12/2011 00:00,13767,United Kingdom
309018,21484,8,06/09/2015 00:00,13767,United Kingdom
212943,21314,8,03/06/2012 00:00,13767,United Kingdom
374709,22730,4,20/09/2019 00:00,13767,United Kingdom
478500,22727,8,29/12/2018 00:00,13767,United Kingdom
485670,22729,8,25/12/2019 00:00,13767,United Kingdom
61194,22726,8,27/01/2020 00:00,13767,United Kingdom
339349,22114,8,28/03/2012 00:00,13767,United Kingdom
364627,22867,48,11/12/2018 00:00,13767,United Kingdom
31541,22866,48,05/06/2012 00:00,13767,United Kingdom
456122,85123A,6,22/07/2012 00:00,17850,United Kingdom
50765,71053,6,11/06/2017 00:00,17850,United Kingdom
345883,84406B,8,20/01/2013 00:00,17850,United Kingdom
411805,15056BL,6,14/11/2013 00:00,17850,United Kingdom
169009,20679,6,27/07/2015 00:00,17850,United Kingdom
365420,37370,6,10/11/2013 00:00,17850,United Kingdom
375297,21871,6,24/09/2011 00:00,17850,United Kingdom
189757,21071,6,24/08/2022 00:00,17850,United Kingdom
257525,21068,6,30/10/2017 00:00,17850,United Kingdom
429264,82483,2,29/10/2015 00:00,17850,United Kingdom
308398,82486,4,15/06/2022 00:00,17850,United Kingdom
131662,82482,6,02/05/2018 00:00,17850,United Kingdom
27889,82494L,12,07/10/2021 00:00,17850,United Kingdom
107641,84029G,6,12/09/2011 00:00,17850,United Kingdom
405413,84029E,6,29/12/2021 00:00,17850,United Kingdom
275858,22752,2,24/11/2019 00:00,17850,United Kingdom
150162,22803,2,23/04/2011 00:00,17850,United Kingdom
458960,21730,6,03/12/2022 00:00,17850,United Kingdom
280960,35004B,12,21/03/2022 00:00,17924,United Kingdom
127362,35004C,48,16/12/2011 00:00,17924,United Kingdom
44436,21980,24,19/02/2020 00:00,13448,United Kingdom
342881,21844,6,31/07/2019 00:00,13448,United Kingdom
358252,22468,4,03/04/2019 00:00,13448,United Kingdom
71685,22637,8,27/09/2018 00:00,13448,United Kingdom
345243,22752,6,12/04/2020 00:00,13448,United Kingdom
16116,48185,2,22/09/2012 00:00,13448,United Kingdom
420676,22632,12,13/03/2015 00:00,13448,United Kingdom
171918,22866,12,19/02/2018 00:00,13448,United Kingdom
291796,22865,12,09/08/2017 00:00,13448,United Kingdom
492937,21232,12,20/12/2013 00:00,13448,United Kingdom
341182,22064,12,06/05/2017 00:00,13448,United Kingdom
259891,22449,6,19/04/2020 00:00,13448,United Kingdom
282864,22114,4,09/10/2011 00:00,13448,United Kingdom
456310,22835,8,21/11/2018 00:00,13448,United Kingdom
146789,22112,9,26/10/2013 00:00,13448,United Kingdom
417649,21479,4,23/11/2015 00:00,13448,United Kingdom
488650,22111,9,11/12/2012 00:00,13448,United Kingdom
19851,22632,6,07/04/2018 00:00,17850,United Kingdom
172489,22633,6,06/06/2013 00:00,17850,United Kingdom
129387,22969,12,23/02/2012 00:00,13448,United Kingdom
9087,22110,1,27/10/2016 00:00,15862,United Kingdom
498029,22098,1,27/03/2012 00:00,15862,United Kingdom
289567,22100,2,24/07/2020 00:00,15862,United Kingdom
358478,22766,1,08/10/2014 00:00,15862,United Kingdom
280796,22451,1,07/07/2019 00:00,15862,United Kingdom
65952,22549,1,01/10/2012 00:00,15862,United Kingdom
391310,84744,1,21/10/2016 00:00,15862,United Kingdom
327262,85049E,2,19/11/2020 00:00,15862,United Kingdom
418058,21328,1,28/08/2012 00:00,15862,United Kingdom
290929,22961,4,29/06/2014 00:00,15862,United Kingdom
396545,17091A,1,11/02/2012 00:00,15862,United Kingdom
169647,22473,1,24/12/2015 00:00,15862,United Kingdom
275751,84509A,2,13/06/2015 00:00,15862,United Kingdom
408046,84510A,2,31/10/2019 00:00,15862,United Kingdom
369768,22767,2,21/03/2014 00:00,15862,United Kingdom
384240,22768,1,07/04/2019 00:00,15862,United Kingdom
235357,21463,1,07/03/2021 00:00,15862,United Kingdom
474653,21464,1,26/10/2022 00:00,15862,United Kingdom
249538,20820,3,11/09/2022 00:00,15862,United Kingdom
304520,85150,1,26/11/2012 00:00,15862,United Kingdom
74096,22117,1,04/11/2018 00:00,15862,United Kingdom
181921,21169,2,28/02/2020 00:00,15862,United Kingdom
445130,48129,1,22/02/2019 00:00,15862,United Kingdom
447819,82580,1,20/10/2018 00:00,15862,United Kingdom
489563,82578,1,03/05/2018 00:00,15862,United Kingdom
406000,82581,2,27/12/2017 00:00,15862,United Kingdom
148172,22413,4,11/02/2019 00:00,15862,United Kingdom
233079,21907,2,05/02/2014 00:00,15862,United Kingdom
140402,22441,1,10/08/2021 00:00,15862,United Kingdom
303262,21122,1,27/04/2019 00:00,15862,United Kingdom
275758,22851,1,05/05/2013 00:00,15862,United Kingdom
122559,84991,3,05/07/2012 00:00,15862,United Kingdom
469184,22810,1,02/11/2017 00:00,15862,United Kingdom
317400,22809,1,16/01/2022 00:00,15862,United Kingdom
439526,22435,2,12/12/2011 00:00,15862,United Kingdom
205843,20966,3,10/07/2012 00:00,15862,United Kingdom
65337,20963,1,05/11/2019 00:00,15862,United Kingdom
423683,20961,1,28/09/2010 00:00,15862,United Kingdom
325214,22068,2,04/07/2012 00:00,15862,United Kingdom
430301,21743,2,08/06/2021 00:00,15862,United Kingdom
285943,21744,2,27/04/2014 00:00,15862,United Kingdom
387153,84709B,1,10/04/2011 00:00,15862,United Kingdom
41920,21592,1,05/12/2010 00:00,15862,United Kingdom
169450,21587,2,03/10/2012 00:00,15862,United Kingdom
205677,20992,9,24/10/2012 00:00,15862,United Kingdom
112803,22662,1,24/10/2010 00:00,15862,United Kingdom
81318,85123A,4,08/05/2019 00:00,15862,United Kingdom
462377,22804,3,06/07/2010 00:00,15862,United Kingdom
203723,82483,1,17/09/2012 00:00,15862,United Kingdom
346691,20749,1,02/02/2021 00:00,15862,United Kingdom
109980,20725,1,06/09/2022 00:00,15862,United Kingdom
1309,22382,2,20/04/2015 00:00,15862,United Kingdom
481238,20726,1,02/02/2012 00:00,15862,United Kingdom
300630,22384,1,21/10/2018 00:00,15862,United Kingdom
186464,22467,5,25/08/2011 00:00,15862,United Kingdom
336541,84625C,3,29/05/2019 00:00,15862,United Kingdom
499116,84625A,3,27/09/2020 00:00,15862,United Kingdom
162709,21108,9,15/12/2021 00:00,15862,United Kingdom
135250,22848,1,19/05/2013 00:00,15862,United Kingdom
393879,21033,4,14/02/2012 00:00,15862,United Kingdom
229739,47570B,1,11/11/2015 00:00,15862,United Kingdom
31452,84030E,1,27/04/2010 00:00,15862,United Kingdom
18622,22428,2,01/12/2010 00:00,15862,United Kingdom
166955,22502,2,29/12/2014 00:00,15862,United Kingdom
439288,22086,40,24/07/2012 00:00,15513,United Kingdom
404382,22910,40,19/06/2012 00:00,15513,United Kingdom
129340,22837,36,07/06/2015 00:00,15513,United Kingdom
180548,22867,96,30/06/2022 00:00,12791,Netherlands
427592,POST,1,25/02/2019 00:00,12791,Netherlands
121617,22297,24,28/12/2020 00:00,16218,United Kingdom
146224,22771,12,09/05/2020 00:00,16218,United Kingdom
109350,22772,12,26/07/2010 00:00,16218,United Kingdom
307319,22773,12,03/03/2018 00:00,16218,United Kingdom
486015,22805,12,22/04/2022 00:00,16218,United Kingdom
289810,22469,12,17/09/2020 00:00,16218,United Kingdom
416350,22197,36,25/09/2015 00:00,16218,United Kingdom
256965,21125,12,03/03/2017 00:00,16218,United Kingdom
124949,21126,12,16/07/2010 00:00,16218,United Kingdom
325715,85049C,12,04/10/2016 00:00,16218,United Kingdom
285446,85049D,12,17/10/2017 00:00,16218,United Kingdom
10684,85049E,12,10/11/2020 00:00,16218,United Kingdom
398780,85049G,12,20/10/2012 00:00,16218,United Kingdom
151076,21061,12,21/12/2014 00:00,16218,United Kingdom
266564,21063,12,02/03/2015 00:00,16218,United Kingdom
398640,21062,12,11/05/2022 00:00,16218,United Kingdom
28083,84380,12,20/08/2019 00:00,16218,United Kingdom
98033,84378,12,17/08/2019 00:00,16218,United Kingdom
366939,22964,12,17/02/2014 00:00,16218,United Kingdom
37812,21213,24,17/11/2022 00:00,16218,United Kingdom
258558,22417,24,09/01/2011 00:00,16218,United Kingdom
399319,21212,24,18/12/2013 00:00,16218,United Kingdom
246438,84992,24,08/06/2018 00:00,16218,United Kingdom
210900,21975,24,20/06/2015 00:00,16218,United Kingdom
396086,22383,10,06/12/2017 00:00,16218,United Kingdom
179770,20728,10,05/06/2018 00:00,16218,United Kingdom
132932,20727,10,23/04/2022 00:00,16218,United Kingdom
264076,22296,24,06/06/2012 00:00,16218,United Kingdom
225497,20914,128,05/09/2014 00:00,14045,United Kingdom
360796,85123A,8,28/12/2015 00:00,17850,United Kingdom
39943,71053,8,21/07/2015 00:00,17850,United Kingdom
414435,84406B,8,19/09/2011 00:00,17850,United Kingdom
9961,20679,6,16/02/2017 00:00,17850,United Kingdom
365037,37370,6,16/03/2015 00:00,17850,United Kingdom
93409,21871,6,31/10/2013 00:00,17850,United Kingdom
278523,21071,6,22/04/2014 00:00,17850,United Kingdom
238544,21068,6,17/05/2020 00:00,17850,United Kingdom
170911,82483,4,25/11/2014 00:00,17850,United Kingdom
492976,82486,4,10/03/2014 00:00,17850,United Kingdom
247747,82482,6,30/12/2013 00:00,17850,United Kingdom
210902,82494L,6,19/04/2016 00:00,17850,United Kingdom
33154,84029G,6,18/04/2010 00:00,17850,United Kingdom
282326,84029E,6,04/08/2013 00:00,17850,United Kingdom
204292,22752,2,27/07/2010 00:00,17850,United Kingdom
336844,22803,2,29/05/2014 00:00,17850,United Kingdom
303007,21730,6,10/12/2015 00:00,17850,United Kingdom
154203,22632,6,23/08/2015 00:00,17850,United Kingdom
424640,22633,6,04/09/2012 00:00,17850,United Kingdom
252437,22537,24,14/12/2015 00:00,14307,United Kingdom
275023,22533,24,14/12/2020 00:00,14307,United Kingdom
133797,20982,12,08/05/2022 00:00,14307,United Kingdom
49839,21832,12,10/03/2015 00:00,14307,United Kingdom
180682,21915,12,11/05/2020 00:00,14307,United Kingdom
435701,21914,12,28/02/2011 00:00,14307,United Kingdom
298100,21544,12,19/08/2018 00:00,14307,United Kingdom
176566,22813,12,11/04/2013 00:00,14307,United Kingdom
356111,22114,4,25/03/2011 00:00,14307,United Kingdom
150857,84029E,4,20/01/2012 00:00,14307,United Kingdom
387267,21479,4,30/05/2020 00:00,14307,United Kingdom
264236,22964,6,23/08/2015 00:00,14307,United Kingdom
481553,84375,12,02/12/2014 00:00,14307,United Kingdom
244949,22418,24,07/12/2017 00:00,14307,United Kingdom
348214,22178,12,12/06/2021 00:00,14307,United Kingdom
142710,84970L,12,18/03/2019 00:00,14307,United Kingdom
535,21733,6,06/11/2014 00:00,14307,United Kingdom
419858,22465,12,08/06/2010 00:00,14307,United Kingdom
144955,84949,6,19/04/2016 00:00,14307,United Kingdom
291243,20685,2,01/11/2019 00:00,14307,United Kingdom
355450,48194,2,06/12/2011 00:00,14307,United Kingdom
247340,22488,12,26/12/2016 00:00,14307,United Kingdom
155632,22219,12,08/06/2013 00:00,14307,United Kingdom
445701,84879,8,10/10/2013 00:00,14307,United Kingdom
343803,21754,3,05/10/2011 00:00,14307,United Kingdom
199068,21755,3,30/03/2015 00:00,14307,United Kingdom
259040,22766,8,05/08/2022 00:00,14307,United Kingdom
208849,22610,36,17/06/2011 00:00,14307,United Kingdom
476268,22716,12,01/01/2010 00:00,14307,United Kingdom
417181,22706,25,01/08/2017 00:00,14307,United Kingdom
375218,22371,4,16/05/2018 00:00,14307,United Kingdom
208137,85014B,3,16/01/2012 00:00,14307,United Kingdom
195336,85014A,3,30/06/2012 00:00,14307,United Kingdom
227328,84997B,6,23/11/2020 00:00,14307,United Kingdom
254639,21212,24,24/04/2017 00:00,14307,United Kingdom
6099,21210,12,20/07/2010 00:00,14307,United Kingdom
27795,22914,3,20/05/2012 00:00,14307,United Kingdom
79569,22553,12,12/09/2019 00:00,14307,United Kingdom
215394,16237,30,17/09/2022 00:00,14307,United Kingdom
238634,22714,12,30/03/2012 00:00,14307,United Kingdom
242405,22812,12,31/10/2022 00:00,14307,United Kingdom
132798,84347,6,09/10/2010 00:00,14307,United Kingdom
103552,21587,12,27/04/2019 00:00,14307,United Kingdom
473012,22736,10,12/04/2011 00:00,14307,United Kingdom
352764,22492,36,19/06/2019 00:00,14307,United Kingdom
202432,22620,12,06/11/2021 00:00,14307,United Kingdom
135571,22619,4,22/07/2014 00:00,14307,United Kingdom
123710,21705,12,30/04/2020 00:00,14307,United Kingdom
478065,90199C,3,24/12/2015 00:00,17908,United Kingdom
198784,21479,1,14/03/2014 00:00,17908,United Kingdom
187502,22111,1,06/09/2014 00:00,17908,United Kingdom
494546,22785,1,30/09/2016 00:00,17908,United Kingdom
264078,22975,1,26/03/2012 00:00,17908,United Kingdom
395,22972,1,29/12/2017 00:00,17908,United Kingdom
161618,22866,1,21/08/2011 00:00,17908,United Kingdom
115270,22568,1,14/10/2011 00:00,17908,United Kingdom
199696,85116,1,27/06/2022 00:00,17908,United Kingdom
399348,22664,1,19/09/2016 00:00,17908,United Kingdom
441185,21609,1,24/08/2014 00:00,17908,United Kingdom
385684,21866,1,15/02/2011 00:00,17908,United Kingdom
174587,20669,1,12/08/2010 00:00,17908,United Kingdom
419129,90129F,1,22/10/2015 00:00,17908,United Kingdom
499026,90210B,1,06/10/2020 00:00,17908,United Kingdom
187406,90199C,1,29/10/2020 00:00,17908,United Kingdom
291950,21955,1,25/02/2010 00:00,17908,United Kingdom
425977,72802C,1,08/02/2015 00:00,17908,United Kingdom
123806,22109,1,20/09/2018 00:00,17908,United Kingdom
35462,85116,5,20/05/2017 00:00,17908,United Kingdom
267769,22531,1,26/11/2014 00:00,17908,United Kingdom
11923,21811,1,06/07/2017 00:00,17908,United Kingdom
418799,22183,1,21/12/2017 00:00,17908,United Kingdom
310119,21678,6,24/02/2011 00:00,17908,United Kingdom
143498,21676,6,23/04/2014 00:00,17908,United Kingdom
467078,84625A,1,17/12/2010 00:00,17908,United Kingdom
440536,84625C,3,21/10/2012 00:00,17908,United Kingdom
201788,21931,2,22/12/2021 00:00,17908,United Kingdom
179548,85169B,12,21/12/2015 00:00,17908,United Kingdom
238756,16238,28,24/02/2017 00:00,17908,United Kingdom
293179,20668,24,19/08/2017 00:00,17908,United Kingdom
339565,84906,1,02/01/2011 00:00,17908,United Kingdom
185065,21867,1,26/10/2015 00:00,17908,United Kingdom
249071,22075,1,03/06/2014 00:00,17908,United Kingdom
431029,21866,1,12/10/2016 00:00,17908,United Kingdom
75475,21326,12,14/12/2016 00:00,17908,United Kingdom
496639,21065,1,19/01/2019 00:00,17908,United Kingdom
20435,22074,1,26/12/2010 00:00,17908,United Kingdom
191132,22900,1,24/12/2015 00:00,17908,United Kingdom
474900,20713,1,23/05/2018 00:00,17908,United Kingdom
78169,20966,2,03/01/2016 00:00,17908,United Kingdom
475551,21116,1,30/06/2012 00:00,17908,United Kingdom
486406,90199C,2,28/06/2019 00:00,17908,United Kingdom
308140,22633,1,03/10/2020 00:00,17908,United Kingdom
246289,22866,1,29/05/2019 00:00,17908,United Kingdom
129797,22198,1,28/06/2022 00:00,17908,United Kingdom
290106,21824,3,12/09/2012 00:00,17908,United Kingdom
119804,21823,3,09/04/2015 00:00,17908,United Kingdom
183207,22153,6,25/01/2018 00:00,17908,United Kingdom
84615,22197,2,18/04/2010 00:00,17908,United Kingdom
395670,85099B,2,12/10/2014 00:00,17908,United Kingdom
465116,85099F,1,22/12/2016 00:00,17908,United Kingdom
414298,20717,1,24/01/2019 00:00,17908,United Kingdom
379086,20723,1,02/07/2010 00:00,17908,United Kingdom
235097,22900,1,13/11/2012 00:00,17908,United Kingdom
460560,21980,12,29/12/2022 00:00,17908,United Kingdom
35929,22111,1,07/10/2022 00:00,17908,United Kingdom
425953,22112,1,15/09/2016 00:00,17908,United Kingdom
338369,20728,3,15/01/2019 00:00,17920,United Kingdom
451960,22382,3,27/08/2017 00:00,17920,United Kingdom
304306,22326,1,27/05/2010 00:00,17920,United Kingdom
480436,22662,4,20/11/2018 00:00,17920,United Kingdom
42594,22383,3,29/09/2017 00:00,17920,United Kingdom
152398,20727,3,06/09/2011 00:00,17920,United Kingdom
380777,22328,1,26/12/2012 00:00,17920,United Kingdom
460074,22327,1,18/02/2022 00:00,17920,United Kingdom
74145,22630,1,29/10/2014 00:00,17920,United Kingdom
132630,22629,1,31/01/2018 00:00,17920,United Kingdom
185658,21245,1,29/07/2016 00:00,17920,United Kingdom
495246,21244,1,15/03/2019 00:00,17920,United Kingdom
279634,21242,1,02/11/2013 00:00,17920,United Kingdom
441911,21243,1,13/05/2014 00:00,17920,United Kingdom
456206,22327,1,08/10/2013 00:00,17920,United Kingdom
378605,22273,1,25/04/2011 00:00,17920,United Kingdom
131197,22940,3,19/12/2020 00:00,17920,United Kingdom
206872,22652,5,22/10/2010 00:00,17920,United Kingdom
198618,22759,1,23/06/2012 00:00,17920,United Kingdom
492751,21880,10,18/10/2020 00:00,17920,United Kingdom
284892,21738,1,07/12/2017 00:00,17920,United Kingdom
12254,22077,1,23/11/2014 00:00,17920,United Kingdom
304833,85049E,3,26/03/2018 00:00,17920,United Kingdom
110617,22961,24,27/01/2018 00:00,17920,United Kingdom
356570,21448,2,17/10/2017 00:00,17920,United Kingdom
132439,22837,3,27/12/2020 00:00,17920,United Kingdom
5018,22749,2,31/01/2011 00:00,17920,United Kingdom
303484,22940,1,02/04/2018 00:00,17920,United Kingdom
108491,22749,1,05/06/2019 00:00,17920,United Kingdom
463482,22077,2,28/09/2017 00:00,17920,United Kingdom
100900,21738,2,24/06/2019 00:00,17920,United Kingdom
474939,85049E,1,07/03/2013 00:00,17920,United Kingdom
350212,22243,6,22/01/2014 00:00,17920,United Kingdom
209758,22141,1,04/06/2013 00:00,17920,United Kingdom
171337,22144,2,21/10/2017 00:00,17920,United Kingdom
35927,22243,3,18/07/2012 00:00,17920,United Kingdom
174608,22077,7,06/02/2020 00:00,17920,United Kingdom
247419,21448,1,01/03/2022 00:00,17920,United Kingdom
176037,22759,5,12/07/2011 00:00,17920,United Kingdom
497692,22242,5,27/07/2020 00:00,17920,United Kingdom
47579,85049E,12,11/08/2016 00:00,17920,United Kingdom
473314,21731,5,02/01/2019 00:00,17920,United Kingdom
316328,22243,1,05/01/2015 00:00,17920,United Kingdom
180579,21739,2,24/06/2016 00:00,17920,United Kingdom
213179,21738,5,01/08/2011 00:00,17920,United Kingdom
411144,22271,2,23/05/2010 00:00,17920,United Kingdom
95442,22273,1,11/05/2022 00:00,17920,United Kingdom
369115,22274,2,06/12/2020 00:00,17920,United Kingdom
338380,22749,1,01/05/2019 00:00,17920,United Kingdom
142367,22751,2,01/11/2022 00:00,17920,United Kingdom
274441,21034,1,27/03/2013 00:00,17920,United Kingdom
209038,22273,2,22/05/2012 00:00,17920,United Kingdom
351814,22568,3,18/08/2021 00:00,17920,United Kingdom
483014,22141,1,24/09/2012 00:00,17920,United Kingdom
38811,22144,1,09/08/2011 00:00,17920,United Kingdom
444021,22570,3,07/08/2014 00:00,17920,United Kingdom
303835,22569,2,06/11/2014 00:00,17920,United Kingdom
31063,21448,1,21/04/2015 00:00,17920,United Kingdom
466168,22086,1,24/11/2016 00:00,17920,United Kingdom
364702,22569,2,18/07/2017 00:00,17920,United Kingdom
204381,21448,2,27/04/2016 00:00,17920,United Kingdom
350329,22968,4,02/09/2021 00:00,17920,United Kingdom
470037,22902,7,30/09/2017 00:00,17920,United Kingdom
398202,21448,2,17/07/2022 00:00,17920,United Kingdom
103197,22902,7,13/08/2012 00:00,17920,United Kingdom
90350,21710,1,17/05/2010 00:00,17920,United Kingdom
247992,21708,1,28/12/2022 00:00,17920,United Kingdom
176244,21711,1,27/12/2022 00:00,17920,United Kingdom
277446,22179,2,08/10/2011 00:00,17920,United Kingdom
474842,22197,5,19/01/2012 00:00,17920,United Kingdom
305039,22900,2,12/12/2020 00:00,17920,United Kingdom
297907,21706,1,06/02/2011 00:00,17920,United Kingdom
185651,22468,2,22/01/2022 00:00,17920,United Kingdom
248844,20725,1,02/10/2012 00:00,17920,United Kingdom
198832,85184C,1,21/02/2014 00:00,17920,United Kingdom
167688,21708,1,02/09/2017 00:00,17920,United Kingdom
308335,22900,2,06/11/2013 00:00,17920,United Kingdom
161420,21706,1,09/06/2011 00:00,17920,United Kingdom
324514,22988,6,06/10/2010 00:00,17920,United Kingdom
465837,85184C,1,25/12/2010 00:00,17920,United Kingdom
266080,20750,1,16/08/2018 00:00,17920,United Kingdom
458683,22139,56,27/01/2021 00:00,15287,United Kingdom
23579,22952,10,22/06/2017 00:00,12838,United Kingdom
326665,22910,5,24/11/2015 00:00,12838,United Kingdom
167573,22739,3,01/08/2021 00:00,12838,United Kingdom
216942,22738,3,01/04/2017 00:00,12838,United Kingdom
341010,22736,3,08/03/2012 00:00,12838,United Kingdom
56650,22909,5,28/07/2018 00:00,12838,United Kingdom
145661,35591T,2,18/01/2018 00:00,12838,United Kingdom
472031,22186,5,05/04/2013 00:00,12838,United Kingdom
205359,22695,3,22/09/2019 00:00,12838,United Kingdom
398166,22470,1,15/05/2019 00:00,12838,United Kingdom
160629,22580,1,17/01/2019 00:00,12838,United Kingdom
368155,22469,5,02/08/2016 00:00,12838,United Kingdom
110514,22147,4,17/05/2017 00:00,12838,United Kingdom
207432,22130,6,23/12/2019 00:00,12838,United Kingdom
412426,21791,3,29/12/2019 00:00,12838,United Kingdom
418392,22694,5,24/11/2011 00:00,12838,United Kingdom
216774,21790,3,21/06/2021 00:00,12838,United Kingdom
199332,22149,4,10/11/2016 00:00,12838,United Kingdom
180065,22900,3,09/10/2021 00:00,12838,United Kingdom
433404,22961,3,18/03/2022 00:00,12838,United Kingdom
126390,22321,12,25/04/2015 00:00,12838,United Kingdom
76445,22594,5,22/09/2014 00:00,12838,United Kingdom
95009,22593,4,16/07/2013 00:00,12838,United Kingdom
54444,22595,6,13/01/2021 00:00,12838,United Kingdom
418396,21986,12,06/07/2017 00:00,12838,United Kingdom
467336,22750,2,19/10/2015 00:00,12838,United Kingdom
118411,22616,12,25/11/2011 00:00,12838,United Kingdom
358035,22775,1,14/11/2019 00:00,12838,United Kingdom
381210,22899,2,23/10/2017 00:00,12838,United Kingdom
447559,22367,3,07/01/2010 00:00,12838,United Kingdom
267489,22942,3,06/07/2021 00:00,12838,United Kingdom
496186,22941,3,19/09/2014 00:00,12838,United Kingdom
101233,22086,6,28/04/2021 00:00,12838,United Kingdom
351341,22940,2,02/11/2020 00:00,12838,United Kingdom
19666,21212,2,11/02/2015 00:00,12838,United Kingdom
278444,21976,2,10/06/2021 00:00,12838,United Kingdom
88418,22951,2,28/10/2015 00:00,12838,United Kingdom
384389,21977,3,06/05/2020 00:00,12838,United Kingdom
295603,22834,3,25/06/2010 00:00,12838,United Kingdom
189747,22867,3,20/12/2016 00:00,12838,United Kingdom
279824,22865,3,15/04/2010 00:00,12838,United Kingdom
162754,22632,3,06/07/2014 00:00,12838,United Kingdom
147671,21916,2,08/09/2019 00:00,12838,United Kingdom
149269,22587,4,26/02/2022 00:00,12838,United Kingdom
118707,22566,3,09/11/2019 00:00,12838,United Kingdom
6195,22565,3,20/11/2017 00:00,12838,United Kingdom
484013,22472,2,14/12/2021 00:00,12838,United Kingdom
444311,22557,3,27/02/2011 00:00,12838,United Kingdom
472967,22551,3,22/09/2017 00:00,12838,United Kingdom
102362,22554,3,01/06/2018 00:00,12838,United Kingdom
188211,22534,3,22/12/2019 00:00,12838,United Kingdom
140231,22531,3,08/07/2013 00:00,12838,United Kingdom
216234,22529,3,06/05/2021 00:00,12838,United Kingdom
169012,22530,3,02/09/2011 00:00,12838,United Kingdom
394285,84032B,3,27/09/2021 00:00,12838,United Kingdom
1099,22837,3,18/10/2019 00:00,12838,United Kingdom
193827,85049H,2,26/06/2013 00:00,12838,United Kingdom
360928,22749,2,07/03/2010 00:00,12838,United Kingdom
86694,22807,12,31/05/2018 00:00,12838,United Kingdom
368317,21494,12,25/01/2020 00:00,13255,United Kingdom
332650,21915,72,12/02/2018 00:00,13255,United Kingdom
159269,22938,12,07/03/2012 00:00,13255,United Kingdom
265732,22768,4,16/05/2019 00:00,13255,United Kingdom
301887,22767,4,21/05/2012 00:00,13255,United Kingdom
73359,82494L,6,21/04/2013 00:00,13255,United Kingdom
157211,21889,12,03/07/2020 00:00,16583,United Kingdom
157068,21892,12,11/01/2020 00:00,16583,United Kingdom
56716,21891,12,25/02/2011 00:00,16583,United Kingdom
226038,21890,6,15/08/2013 00:00,16583,United Kingdom
458328,21718,12,03/09/2015 00:00,16583,United Kingdom
420793,21716,8,08/03/2021 00:00,16583,United Kingdom
303495,21715,8,25/02/2013 00:00,16583,United Kingdom
55388,22113,4,04/02/2016 00:00,16583,United Kingdom
205139,22111,3,13/02/2011 00:00,16583,United Kingdom
320642,22110,6,07/02/2016 00:00,16583,United Kingdom
135332,22358,6,27/07/2017 00:00,16583,United Kingdom
262251,22357,4,02/03/2022 00:00,16583,United Kingdom
47881,22115,6,13/11/2014 00:00,16583,United Kingdom
274861,22969,12,15/02/2019 00:00,16583,United Kingdom
393974,22619,4,30/03/2012 00:00,18085,United Kingdom
173281,21481,6,01/07/2011 00:00,18085,United Kingdom
249402,22632,12,03/03/2014 00:00,18085,United Kingdom
97801,22837,8,01/03/2016 00:00,18085,United Kingdom
420914,21479,8,23/05/2013 00:00,18085,United Kingdom
332116,21485,8,09/01/2010 00:00,18085,United Kingdom
194965,84029E,8,25/11/2016 00:00,18085,United Kingdom
434963,22111,16,12/12/2022 00:00,18085,United Kingdom
93044,22113,8,28/03/2011 00:00,18085,United Kingdom
162307,22837,8,18/07/2020 00:00,13758,United Kingdom
493103,22585,12,07/09/2010 00:00,13758,United Kingdom
185603,79321,8,22/03/2016 00:00,13758,United Kingdom
297064,22637,12,28/01/2013 00:00,13758,United Kingdom
112498,21556,6,02/08/2014 00:00,13758,United Kingdom
150413,22646,12,19/04/2016 00:00,13758,United Kingdom
68337,22644,12,26/06/2013 00:00,13758,United Kingdom
54307,22645,12,19/10/2017 00:00,13758,United Kingdom
35622,22650,12,24/06/2015 00:00,13758,United Kingdom
116132,22508,8,16/09/2022 00:00,13758,United Kingdom
844,21411,3,30/08/2021 00:00,13758,United Kingdom
253089,22511,4,29/01/2021 00:00,13758,United Kingdom
283650,22451,6,16/11/2011 00:00,13758,United Kingdom
237950,22449,6,03/12/2022 00:00,13758,United Kingdom
407799,22768,2,09/08/2016 00:00,13758,United Kingdom
421156,22829,2,10/02/2022 00:00,13758,United Kingdom
418189,22961,12,09/11/2011 00:00,13758,United Kingdom
134639,21154,200,06/05/2012 00:00,13694,United Kingdom
375370,22189,72,08/02/2010 00:00,13694,United Kingdom
50001,17021,600,17/11/2016 00:00,13694,United Kingdom
424062,22059,48,16/11/2010 00:00,13694,United Kingdom
435369,22188,36,11/04/2020 00:00,13694,United Kingdom
323914,84678,48,02/11/2018 00:00,13694,United Kingdom
379384,85172,32,30/07/2010 00:00,15983,United Kingdom
463931,22142,2,21/06/2014 00:00,15983,United Kingdom
418267,22144,2,01/04/2019 00:00,15983,United Kingdom
310529,21591,6,06/04/2015 00:00,15983,United Kingdom
70477,22480,12,29/09/2010 00:00,15983,United Kingdom
293837,22294,48,27/02/2011 00:00,15983,United Kingdom
416234,21156,1,29/12/2018 00:00,15983,United Kingdom
390968,10133,5,18/08/2017 00:00,15983,United Kingdom
326927,72800E,6,18/01/2014 00:00,15983,United Kingdom
368039,22294,24,25/08/2018 00:00,15983,United Kingdom
108847,84836,12,20/09/2016 00:00,15983,United Kingdom
132798,20774,2,23/10/2017 00:00,15983,United Kingdom
281937,20773,2,16/07/2021 00:00,15983,United Kingdom
493009,20777,2,15/10/2010 00:00,15983,United Kingdom
432553,16016,10,19/10/2017 00:00,15983,United Kingdom
119061,16014,10,24/01/2017 00:00,15983,United Kingdom
481790,21890,2,01/04/2010 00:00,15983,United Kingdom
120391,21891,2,30/04/2014 00:00,15983,United Kingdom
167374,22619,8,25/11/2015 00:00,15983,United Kingdom
219971,22620,6,20/08/2011 00:00,15983,United Kingdom
317836,84347,12,29/12/2017 00:00,15983,United Kingdom
323806,85169B,24,24/08/2011 00:00,15983,United Kingdom
216031,21156,3,04/01/2015 00:00,15983,United Kingdom
305598,21651,6,01/11/2016 00:00,15983,United Kingdom
7247,21651,6,01/02/2010 00:00,15983,United Kingdom
381739,84625C,10,22/03/2011 00:00,15983,United Kingdom
349601,22618,2,09/03/2021 00:00,15983,United Kingdom
256393,21586,4,05/02/2013 00:00,15983,United Kingdom
6312,21587,4,27/03/2021 00:00,15983,United Kingdom
359589,22152,24,01/11/2011 00:00,15983,United Kingdom
410298,85172,16,07/07/2021 00:00,15983,United Kingdom
290709,84754,24,29/07/2019 00:00,15983,United Kingdom
374961,22670,12,21/11/2022 00:00,14849,United Kingdom
311039,21586,12,03/06/2019 00:00,14849,United Kingdom
451438,84992,24,25/01/2020 00:00,14849,United Kingdom
174957,84879,24,14/09/2021 00:00,14849,United Kingdom
335398,84849B,12,15/12/2014 00:00,14849,United Kingdom
329429,22927,2,02/04/2020 00:00,14849,United Kingdom
51628,22926,4,02/08/2018 00:00,14849,United Kingdom
455161,22925,2,17/09/2020 00:00,14849,United Kingdom
229548,21977,24,04/01/2013 00:00,14849,United Kingdom
10265,21485,6,20/10/2016 00:00,14849,United Kingdom
367193,21484,8,09/07/2017 00:00,14849,United Kingdom
168102,21259,2,09/07/2013 00:00,14849,United Kingdom
314437,21257,2,15/03/2013 00:00,14849,United Kingdom
140406,21121,24,15/02/2015 00:00,14849,United Kingdom
445266,82552,12,07/11/2018 00:00,14849,United Kingdom
95825,90200B,2,02/09/2012 00:00,17968,United Kingdom
454924,90059B,2,05/04/2010 00:00,17968,United Kingdom
114051,90185C,2,14/02/2017 00:00,17968,United Kingdom
299517,90059E,3,28/08/2016 00:00,17968,United Kingdom
224020,90059C,1,07/08/2013 00:00,17968,United Kingdom
468829,90200C,1,09/03/2019 00:00,17968,United Kingdom
320019,90200D,3,26/07/2018 00:00,17968,United Kingdom
404109,90200A,1,09/09/2014 00:00,17968,United Kingdom
237648,22386,1,22/01/2013 00:00,17968,United Kingdom
86864,85099B,1,12/07/2013 00:00,17968,United Kingdom
427438,84879,8,26/12/2014 00:00,17968,United Kingdom
68311,22086,1,19/05/2015 00:00,17968,United Kingdom
307908,22737,1,07/07/2014 00:00,17968,United Kingdom
47819,21260,1,27/03/2021 00:00,17968,United Kingdom
162877,22744,2,05/12/2013 00:00,17968,United Kingdom
289673,21985,1,27/03/2014 00:00,17968,United Kingdom
459789,21980,1,23/02/2015 00:00,17968,United Kingdom
224776,22988,1,19/09/2022 00:00,17968,United Kingdom
19932,22297,1,21/02/2013 00:00,17968,United Kingdom
9064,22294,1,23/07/2017 00:00,17968,United Kingdom
392341,22295,1,20/08/2022 00:00,17968,United Kingdom
197058,22813,2,18/06/2022 00:00,17968,United Kingdom
10058,22812,6,04/05/2013 00:00,17968,United Kingdom
185206,22197,5,14/07/2016 00:00,17968,United Kingdom
311215,21977,1,25/09/2017 00:00,17968,United Kingdom
56506,22619,1,21/06/2022 00:00,17968,United Kingdom
124445,16258A,1,23/04/2017 00:00,17968,United Kingdom
143722,21992,1,14/09/2021 00:00,17968,United Kingdom
333698,22910,1,01/05/2019 00:00,17968,United Kingdom
465658,21124,1,11/03/2019 00:00,17968,United Kingdom
301498,22735,2,13/12/2012 00:00,17968,United Kingdom
398537,22952,2,27/01/2018 00:00,17968,United Kingdom
440045,22945,6,08/05/2012 00:00,17968,United Kingdom
381350,21816,2,01/09/2018 00:00,17968,United Kingdom
402825,21815,4,02/05/2021 00:00,17968,United Kingdom
304547,21814,2,23/01/2019 00:00,17968,United Kingdom
332530,10125,2,13/08/2017 00:00,17968,United Kingdom
96624,22810,1,30/08/2014 00:00,17968,United Kingdom
3366,22573,1,28/06/2018 00:00,17968,United Kingdom
383730,22577,1,08/02/2013 00:00,17968,United Kingdom
96744,22603,2,26/07/2012 00:00,17968,United Kingdom
152401,22809,1,09/09/2021 00:00,17968,United Kingdom
269641,20878,1,15/01/2014 00:00,17968,United Kingdom
24327,20866,1,18/04/2010 00:00,17968,United Kingdom
106096,85095,1,12/12/2015 00:00,17968,United Kingdom
396138,22333,1,08/10/2014 00:00,17968,United Kingdom
94844,22557,1,09/03/2010 00:00,17968,United Kingdom
398406,21584,1,30/08/2013 00:00,17968,United Kingdom
277726,22866,1,03/04/2010 00:00,17968,United Kingdom
229713,22731,2,02/11/2020 00:00,17968,United Kingdom
169124,22866,1,24/03/2013 00:00,17968,United Kingdom
419095,22866,3,05/06/2015 00:00,17968,United Kingdom
335508,22558,2,14/03/2013 00:00,17968,United Kingdom
230413,22956,1,26/10/2015 00:00,17968,United Kingdom
30149,22945,6,31/07/2015 00:00,17968,United Kingdom
403724,22582,1,08/03/2012 00:00,17968,United Kingdom
495763,21212,1,06/06/2012 00:00,17968,United Kingdom
64858,21212,2,16/08/2013 00:00,17968,United Kingdom
73493,22585,3,19/10/2020 00:00,17968,United Kingdom
131837,21121,1,08/02/2012 00:00,17968,United Kingdom
212966,21122,1,01/08/2022 00:00,17968,United Kingdom
426235,22759,1,26/03/2016 00:00,17968,United Kingdom
111875,21815,1,23/06/2015 00:00,17968,United Kingdom
298718,85231B,3,31/01/2018 00:00,17968,United Kingdom
204969,85231G,5,16/05/2012 00:00,17968,United Kingdom
377775,22082,5,02/02/2018 00:00,17968,United Kingdom
489226,22500,2,29/10/2018 00:00,17968,United Kingdom
29287,22742,1,03/08/2017 00:00,17968,United Kingdom
190055,21329,1,04/06/2020 00:00,17968,United Kingdom
188506,21328,1,24/09/2013 00:00,17968,United Kingdom
253779,21327,1,14/04/2013 00:00,17968,United Kingdom
5845,21992,1,14/11/2011 00:00,17968,United Kingdom
245569,21738,1,23/08/2014 00:00,17968,United Kingdom
12469,48173C,1,02/07/2021 00:00,17968,United Kingdom
280303,85099C,1,28/01/2022 00:00,17968,United Kingdom
237964,22960,1,16/11/2018 00:00,17968,United Kingdom
79873,85231G,1,22/05/2011 00:00,17968,United Kingdom
63126,85231B,2,12/10/2012 00:00,17968,United Kingdom
130721,22866,1,19/06/2013 00:00,17968,United Kingdom
425398,72818,1,11/12/2017 00:00,17968,United Kingdom
138452,21814,8,08/09/2012 00:00,17968,United Kingdom
182959,22441,1,18/12/2014 00:00,17968,United Kingdom
281910,22312,1,26/02/2021 00:00,17968,United Kingdom
200160,22197,6,28/07/2020 00:00,17968,United Kingdom
401972,22663,1,03/05/2022 00:00,17968,United Kingdom
87333,22960,6,04/11/2015 00:00,14849,United Kingdom
317363,22961,12,07/11/2021 00:00,14849,United Kingdom
284397,21314,48,16/07/2015 00:00,16210,United Kingdom
439405,84029E,24,09/01/2015 00:00,16210,United Kingdom
481765,21137,480,14/06/2013 00:00,16210,United Kingdom
197723,22041,48,04/11/2017 00:00,16210,United Kingdom
199447,20979,16,21/03/2012 00:00,16210,United Kingdom
67230,20977,16,25/05/2013 00:00,16210,United Kingdom
332322,22619,4,02/06/2013 00:00,16210,United Kingdom
161848,22571,96,22/03/2011 00:00,16210,United Kingdom
497039,22595,144,03/12/2021 00:00,16210,United Kingdom
258349,22593,144,18/06/2011 00:00,16210,United Kingdom
278843,22633,12,20/10/2014 00:00,16210,United Kingdom
458820,22632,12,22/11/2015 00:00,16210,United Kingdom
284479,22423,16,27/01/2020 00:00,16210,United Kingdom
465752,22411,10,24/04/2012 00:00,16210,United Kingdom
60863,22738,5,25/11/2021 00:00,17897,United Kingdom
448324,21621,1,15/04/2017 00:00,17897,United Kingdom
364495,22960,8,23/06/2015 00:00,17897,United Kingdom
384492,22082,5,04/08/2020 00:00,17897,United Kingdom
142517,47563A,1,01/04/2022 00:00,17897,United Kingdom
442696,84558A,1,09/10/2021 00:00,17897,United Kingdom
304062,21592,1,05/08/2011 00:00,17897,United Kingdom
276731,20878,2,15/08/2011 00:00,17897,United Kingdom
372479,84347,1,19/12/2016 00:00,17897,United Kingdom
490479,84347,1,27/09/2017 00:00,17897,United Kingdom
323283,21577,1,14/10/2019 00:00,17897,United Kingdom
444017,22909,1,20/01/2022 00:00,17897,United Kingdom
50040,22087,1,20/08/2019 00:00,17897,United Kingdom
158147,22651,2,02/12/2014 00:00,17897,United Kingdom
440184,22713,12,05/04/2015 00:00,17897,United Kingdom
7331,22910,1,16/12/2011 00:00,17897,United Kingdom
266107,21370,2,17/10/2019 00:00,17897,United Kingdom
219252,21367,1,10/07/2022 00:00,17897,United Kingdom
339337,22376,1,04/03/2018 00:00,17897,United Kingdom
134929,22961,1,31/01/2021 00:00,17897,United Kingdom
476692,21895,1,29/03/2019 00:00,17897,United Kingdom
25518,22468,1,29/05/2016 00:00,17897,United Kingdom
484456,21034,1,13/11/2018 00:00,17897,United Kingdom
39053,22372,1,28/04/2019 00:00,17897,United Kingdom
333632,22867,1,26/04/2022 00:00,17897,United Kingdom
169835,22144,1,07/09/2014 00:00,17897,United Kingdom
417326,21190,1,20/12/2017 00:00,17897,United Kingdom
154188,21894,3,18/03/2016 00:00,17897,United Kingdom
251700,70007,3,22/06/2013 00:00,17897,United Kingdom
433748,22940,1,30/09/2011 00:00,17897,United Kingdom
391724,70007,1,27/12/2022 00:00,17897,United Kingdom
181846,84347,3,30/12/2015 00:00,17897,United Kingdom
309539,22150,1,22/08/2022 00:00,17897,United Kingdom
314710,22149,2,18/10/2020 00:00,17897,United Kingdom
477377,22144,2,17/03/2015 00:00,17897,United Kingdom
112397,21622,10,05/10/2019 00:00,17377,United Kingdom
361934,46000M,10,10/04/2010 00:00,17377,United Kingdom
229777,22630,2,22/06/2013 00:00,17377,United Kingdom
127472,22616,12,31/07/2015 00:00,17377,United Kingdom
350615,22712,12,26/09/2019 00:00,17377,United Kingdom
303051,22983,12,13/05/2012 00:00,17377,United Kingdom
139634,22024,12,16/06/2010 00:00,17377,United Kingdom
13901,22113,3,10/11/2017 00:00,17377,United Kingdom
246590,84029E,2,17/03/2010 00:00,17377,United Kingdom
31825,21488,2,16/08/2011 00:00,17377,United Kingdom
152181,22900,7,07/12/2018 00:00,17377,United Kingdom
369666,22895,3,19/10/2017 00:00,17377,United Kingdom
427632,21035,3,25/12/2011 00:00,17377,United Kingdom
83079,21755,6,05/07/2011 00:00,17377,United Kingdom
126593,21754,6,31/05/2018 00:00,17377,United Kingdom
91473,84879,16,24/10/2017 00:00,16552,United Kingdom
376778,22784,3,20/06/2012 00:00,16552,United Kingdom
194040,21441,12,03/03/2013 00:00,16552,United Kingdom
72298,85123A,6,02/11/2021 00:00,16552,United Kingdom
441807,22423,2,18/01/2020 00:00,16552,United Kingdom
424305,84947,72,17/04/2021 00:00,17181,United Kingdom
109859,21326,144,14/03/2011 00:00,17181,United Kingdom
124620,22960,-6,24/08/2019 00:00,17897,United Kingdom
27957,22865,36,18/11/2018 00:00,17951,United Kingdom
108882,22485,4,04/10/2013 00:00,17951,United Kingdom
207163,22807,6,20/10/2013 00:00,17951,United Kingdom
367218,22633,36,14/09/2020 00:00,17951,United Kingdom
75840,22866,36,20/10/2021 00:00,17951,United Kingdom
370112,21794,1,03/04/2018 00:00,14729,United Kingdom
20664,20707,1,03/04/2017 00:00,14729,United Kingdom
198323,21175,1,13/09/2015 00:00,14729,United Kingdom
218764,22926,1,14/10/2015 00:00,14729,United Kingdom
405150,22588,2,23/05/2011 00:00,14729,United Kingdom
140817,21292,16,19/02/2011 00:00,14729,United Kingdom
354018,21890,1,21/08/2011 00:00,14729,United Kingdom
58247,22632,4,05/03/2017 00:00,14729,United Kingdom
30559,22633,3,04/02/2022 00:00,14729,United Kingdom
314834,22670,1,29/08/2010 00:00,14729,United Kingdom
189331,21867,1,17/08/2020 00:00,14729,United Kingdom
334959,22760,1,12/11/2010 00:00,14729,United Kingdom
477680,22107,2,31/03/2021 00:00,14729,United Kingdom
366012,22470,1,20/12/2020 00:00,14729,United Kingdom
211584,21486,1,24/04/2012 00:00,14729,United Kingdom
160065,22151,14,08/11/2020 00:00,14729,United Kingdom
54742,22643,4,17/07/2021 00:00,14729,United Kingdom
71052,22642,4,21/08/2015 00:00,14729,United Kingdom
386485,22604,3,29/04/2013 00:00,14729,United Kingdom
128964,22099,2,21/02/2011 00:00,14729,United Kingdom
1384,22553,1,08/04/2018 00:00,14729,United Kingdom
16997,22551,1,02/05/2022 00:00,14729,United Kingdom
386815,22653,1,10/12/2021 00:00,14729,United Kingdom
138173,22557,2,16/02/2014 00:00,14729,United Kingdom
485754,22906,6,23/06/2014 00:00,14729,United Kingdom
152913,22754,1,17/04/2016 00:00,14729,United Kingdom
440862,22938,5,29/04/2019 00:00,14729,United Kingdom
404200,22812,3,24/09/2015 00:00,14729,United Kingdom
356000,22919,2,27/02/2011 00:00,14729,United Kingdom
284708,22917,1,02/11/2015 00:00,14729,United Kingdom
41141,22920,3,21/12/2021 00:00,14729,United Kingdom
230706,22921,2,17/07/2021 00:00,14729,United Kingdom
246902,22918,2,30/01/2014 00:00,14729,United Kingdom
416177,22916,1,13/07/2016 00:00,14729,United Kingdom
155300,85123A,3,06/04/2011 00:00,14729,United Kingdom
15261,22575,1,30/04/2013 00:00,14729,United Kingdom
125874,21804,3,18/08/2022 00:00,14729,United Kingdom
171369,21584,12,22/11/2018 00:00,14729,United Kingdom
350905,21588,3,14/11/2016 00:00,14729,United Kingdom
408386,22152,12,03/03/2016 00:00,14729,United Kingdom
275123,22441,1,22/03/2016 00:00,14729,United Kingdom
455752,22955,2,17/06/2010 00:00,14729,United Kingdom
53885,22956,2,19/05/2010 00:00,14729,United Kingdom
456474,22582,2,01/10/2014 00:00,14729,United Kingdom
345890,22583,3,30/08/2022 00:00,14729,United Kingdom
267082,22241,2,17/10/2011 00:00,14729,United Kingdom
59604,22904,3,11/06/2017 00:00,14729,United Kingdom
481341,22905,2,03/11/2012 00:00,14729,United Kingdom
323116,22197,3,10/02/2015 00:00,14729,United Kingdom
410416,22092,1,24/06/2017 00:00,14729,United Kingdom
294939,22469,1,09/07/2010 00:00,14729,United Kingdom
472966,22100,1,17/05/2010 00:00,14729,United Kingdom
388953,22096,1,02/03/2012 00:00,14729,United Kingdom
118034,22583,1,05/09/2013 00:00,14729,United Kingdom
